Name,Description,Age,Gender
Max,"Loyal and protective, always watching over their loved ones. A perfect companion for someone looking for a devoted friend.",1,Male
Bella,"Energetic and curious, always exploring and eager to meet new friends. Loves outdoor adventures and keeps you on your toes.",9,Male
Charlie,"Loyal and protective, always watching over their loved ones. A perfect companion for someone looking for a devoted friend.",15,Male
Lucy,"Loyal and protective, always watching over their loved ones. A perfect companion for someone looking for a devoted friend.",5,Male
Cooper,A friendly and playful dog who loves spending time with people and other animals. Always ready for a game of fetch and enjoys long walks.,8,Male
Daisy,"Calm and loving, this dog prefers lounging by your side but still enjoys occasional playtime. Very affectionate and great with families.",15,Female
Buddy,"Gentle and affectionate, always seeking cuddles and attention. Loves to relax but will never say no to a good walk.",2,Male
Luna,"Shy but loving, may take time to warm up but becomes deeply attached once comfortable. A loyal and sweet companion.",5,Male
Rocky,"Loyal and protective, always watching over their loved ones. A perfect companion for someone looking for a devoted friend.",4,Male
Sadie,"Mischievous but sweet, often found getting into funny trouble around the house. Full of personality and love.",12,Male
Milo,"Alert and brave, always ready to protect their home and loved ones. Despite their bravery, they have a soft side for cuddles.",4,Female
Molly,"Active and fun-loving, always ready to chase a ball or go for a run. Great for owners with an active lifestyle.",9,Female
Bear,"Energetic and curious, always exploring and eager to meet new friends. Loves outdoor adventures and keeps you on your toes.",13,Male
Bailey,"Alert and brave, always ready to protect their home and loved ones. Despite their bravery, they have a soft side for cuddles.",7,Male
Duke,"Alert and brave, always ready to protect their home and loved ones. Despite their bravery, they have a soft side for cuddles.",13,Male
Maggie,"Shy but loving, may take time to warm up but becomes deeply attached once comfortable. A loyal and sweet companion.",10,Female
Tucker,"Energetic and curious, always exploring and eager to meet new friends. Loves outdoor adventures and keeps you on your toes.",2,Male
Chloe,A friendly and playful dog who loves spending time with people and other animals. Always ready for a game of fetch and enjoys long walks.,9,Female
Jack,"Gentle and affectionate, always seeking cuddles and attention. Loves to relax but will never say no to a good walk.",8,Female
Sophie,"Gentle and affectionate, always seeking cuddles and attention. Loves to relax but will never say no to a good walk.",14,Male
Oliver,"Active and fun-loving, always ready to chase a ball or go for a run. Great for owners with an active lifestyle.",10,Male
Zoey,"Smart and attentive, always ready to learn new tricks and please their owner. A quick learner who thrives on mental stimulation.",13,Male
Bentley,"Gentle and affectionate, always seeking cuddles and attention. Loves to relax but will never say no to a good walk.",13,Male
Lily,"Loyal and protective, always watching over their loved ones. A perfect companion for someone looking for a devoted friend.",6,Female
Jake,"Active and fun-loving, always ready to chase a ball or go for a run. Great for owners with an active lifestyle.",8,Male
Stella,"Mischievous but sweet, often found getting into funny trouble around the house. Full of personality and love.",6,Male
Toby,"Gentle and affectionate, always seeking cuddles and attention. Loves to relax but will never say no to a good walk.",9,Male
Penny,"Smart and attentive, always ready to learn new tricks and please their owner. A quick learner who thrives on mental stimulation.",15,Male
Zeus,"Mischievous but sweet, often found getting into funny trouble around the house. Full of personality and love.",12,Female
Gracie,"Smart and attentive, always ready to learn new tricks and please their owner. A quick learner who thrives on mental stimulation.",14,Female
Harley,"Alert and brave, always ready to protect their home and loved ones. Despite their bravery, they have a soft side for cuddles.",3,Female
Roxy,"Smart and attentive, always ready to learn new tricks and please their owner. A quick learner who thrives on mental stimulation.",4,Female
Leo,"Active and fun-loving, always ready to chase a ball or go for a run. Great for owners with an active lifestyle.",15,Male
Abby,"Loyal and protective, always watching over their loved ones. A perfect companion for someone looking for a devoted friend.",5,Male
Jax,"Energetic and curious, always exploring and eager to meet new friends. Loves outdoor adventures and keeps you on your toes.",4,Male
Rosie,"Mischievous but sweet, often found getting into funny trouble around the house. Full of personality and love.",2,Male
Finn,"Calm and loving, this dog prefers lounging by your side but still enjoys occasional playtime. Very affectionate and great with families.",9,Male
Ruby,"Active and fun-loving, always ready to chase a ball or go for a run. Great for owners with an active lifestyle.",10,Male
Winston,"Active and fun-loving, always ready to chase a ball or go for a run. Great for owners with an active lifestyle.",3,Male
Ellie,"Shy but loving, may take time to warm up but becomes deeply attached once comfortable. A loyal and sweet companion.",9,Female
Murphy,"Loyal and protective, always watching over their loved ones. A perfect companion for someone looking for a devoted friend.",2,Male
Lola,"Calm and loving, this dog prefers lounging by your side but still enjoys occasional playtime. Very affectionate and great with families.",7,Female
Louie,"Shy but loving, may take time to warm up but becomes deeply attached once comfortable. A loyal and sweet companion.",2,Female
Mia,"Mischievous but sweet, often found getting into funny trouble around the house. Full of personality and love.",4,Female
Henry,"Calm and loving, this dog prefers lounging by your side but still enjoys occasional playtime. Very affectionate and great with families.",8,Female
Nala,"Active and fun-loving, always ready to chase a ball or go for a run. Great for owners with an active lifestyle.",7,Male
Oscar,"Shy but loving, may take time to warm up but becomes deeply attached once comfortable. A loyal and sweet companion.",7,Male
Pepper,"Smart and attentive, always ready to learn new tricks and please their owner. A quick learner who thrives on mental stimulation.",9,Female
Sam,"Loyal and protective, always watching over their loved ones. A perfect companion for someone looking for a devoted friend.",1,Female
Ginger,A friendly and playful dog who loves spending time with people and other animals. Always ready for a game of fetch and enjoys long walks.,2,Male
Scout,"Calm and loving, this dog prefers lounging by your side but still enjoys occasional playtime. Very affectionate and great with families.",1,Female
Olive,"Alert and brave, always ready to protect their home and loved ones. Despite their bravery, they have a soft side for cuddles.",10,Male
Dexter,"Smart and attentive, always ready to learn new tricks and please their owner. A quick learner who thrives on mental stimulation.",3,Male
Harper,"Alert and brave, always ready to protect their home and loved ones. Despite their bravery, they have a soft side for cuddles.",8,Male
Blue,"Active and fun-loving, always ready to chase a ball or go for a run. Great for owners with an active lifestyle.",5,Female
Emma,"Alert and brave, always ready to protect their home and loved ones. Despite their bravery, they have a soft side for cuddles.",6,Female
Buster,"Gentle and affectionate, always seeking cuddles and attention. Loves to relax but will never say no to a good walk.",1,Male
Annie,"Gentle and affectionate, always seeking cuddles and attention. Loves to relax but will never say no to a good walk.",3,Male
Lucky,"Gentle and affectionate, always seeking cuddles and attention. Loves to relax but will never say no to a good walk.",1,Female
Coco,"Energetic and curious, always exploring and eager to meet new friends. Loves outdoor adventures and keeps you on your toes.",5,Female
Moose,A friendly and playful dog who loves spending time with people and other animals. Always ready for a game of fetch and enjoys long walks.,3,Female
Belle,"Smart and attentive, always ready to learn new tricks and please their owner. A quick learner who thrives on mental stimulation.",8,Female
Thor,"Alert and brave, always ready to protect their home and loved ones. Despite their bravery, they have a soft side for cuddles.",10,Male
Sasha,"Alert and brave, always ready to protect their home and loved ones. Despite their bravery, they have a soft side for cuddles.",1,Male
Gus,"Mischievous but sweet, often found getting into funny trouble around the house. Full of personality and love.",10,Female
Izzy,"Mischievous but sweet, often found getting into funny trouble around the house. Full of personality and love.",5,Female
George,"Gentle and affectionate, always seeking cuddles and attention. Loves to relax but will never say no to a good walk.",2,Male
Remi,"Smart and attentive, always ready to learn new tricks and please their owner. A quick learner who thrives on mental stimulation.",9,Female
Boomer,"Loyal and protective, always watching over their loved ones. A perfect companion for someone looking for a devoted friend.",5,Female
Ella,"Mischievous but sweet, often found getting into funny trouble around the house. Full of personality and love.",7,Female
Sammy,"Shy but loving, may take time to warm up but becomes deeply attached once comfortable. A loyal and sweet companion.",8,Male
Willow,"Loyal and protective, always watching over their loved ones. A perfect companion for someone looking for a devoted friend.",15,Female
Bruno,"Smart and attentive, always ready to learn new tricks and please their owner. A quick learner who thrives on mental stimulation.",6,Female
Piper,A friendly and playful dog who loves spending time with people and other animals. Always ready for a game of fetch and enjoys long walks.,6,Male
Shadow,"Alert and brave, always ready to protect their home and loved ones. Despite their bravery, they have a soft side for cuddles.",10,Female
Riley,"Smart and attentive, always ready to learn new tricks and please their owner. A quick learner who thrives on mental stimulation.",3,Male
Chance,"Smart and attentive, always ready to learn new tricks and please their owner. A quick learner who thrives on mental stimulation.",5,Male
Nova,A friendly and playful dog who loves spending time with people and other animals. Always ready for a game of fetch and enjoys long walks.,5,Female
Tank,"Active and fun-loving, always ready to chase a ball or go for a run. Great for owners with an active lifestyle.",7,Male
Minnie,A friendly and playful dog who loves spending time with people and other animals. Always ready for a game of fetch and enjoys long walks.,9,Female
Rusty,"Alert and brave, always ready to protect their home and loved ones. Despite their bravery, they have a soft side for cuddles.",3,Male
Millie,"Alert and brave, always ready to protect their home and loved ones. Despite their bravery, they have a soft side for cuddles.",13,Female
Frankie,"Gentle and affectionate, always seeking cuddles and attention. Loves to relax but will never say no to a good walk.",14,Male
Hazel,"Gentle and affectionate, always seeking cuddles and attention. Loves to relax but will never say no to a good walk.",5,Male
Apollo,"Calm and loving, this dog prefers lounging by your side but still enjoys occasional playtime. Very affectionate and great with families.",14,Male
Holly,"Active and fun-loving, always ready to chase a ball or go for a run. Great for owners with an active lifestyle.",9,Male
Otis,"Active and fun-loving, always ready to chase a ball or go for a run. Great for owners with an active lifestyle.",8,Female
Marley,"Loyal and protective, always watching over their loved ones. A perfect companion for someone looking for a devoted friend.",13,Male
Ace,"Alert and brave, always ready to protect their home and loved ones. Despite their bravery, they have a soft side for cuddles.",8,Female
Honey,"Gentle and affectionate, always seeking cuddles and attention. Loves to relax but will never say no to a good walk.",10,Female
Chester,"Active and fun-loving, always ready to chase a ball or go for a run. Great for owners with an active lifestyle.",7,Female
Zoe,"Mischievous but sweet, often found getting into funny trouble around the house. Full of personality and love.",15,Female
Hunter,"Calm and loving, this dog prefers lounging by your side but still enjoys occasional playtime. Very affectionate and great with families.",8,Male
Callie,"Active and fun-loving, always ready to chase a ball or go for a run. Great for owners with an active lifestyle.",14,Male
Prince,"Active and fun-loving, always ready to chase a ball or go for a run. Great for owners with an active lifestyle.",1,Male
Missy,"Mischievous but sweet, often found getting into funny trouble around the house. Full of personality and love.",7,Female
Koda,"Loyal and protective, always watching over their loved ones. A perfect companion for someone looking for a devoted friend.",5,Female
Delilah,A friendly and playful dog who loves spending time with people and other animals. Always ready for a game of fetch and enjoys long walks.,8,Female
Ollie,"Calm and loving, this dog prefers lounging by your side but still enjoys occasional playtime. Very affectionate and great with families.",2,Male
Layla,"Smart and attentive, always ready to learn new tricks and please their owner. A quick learner who thrives on mental stimulation.",7,Male
